{
    "available_space": true,
    "id": "k",
    "size_max": 49.429656982421875,
    "size_mean": 10.53119176499387,
    "size_min": 2.0494184494018555,
    "total_size": 494.9660129547119
}