{
    "available_space": true,
    "size_max": 49.429656982421875,
    "size_mean": 10.53119176499387,
    "size_min": 2.0494184494018555,
    "total_size": 494.9660129547119,
    "video_list": {
        "KANYE WEST, RAKIM, KRS-ONE, NAS & DJ PREMIER - CLASSIC-YCU-qgR_4bM.mp4": {
            "size": 12.17016315460205
        },
        "KATIE ANGEL - COPIA DE SEGURIDAD (OFFICIAL VIDEO)-9Aex3gy4D9Y.mp4": {
            "size": 9.107664108276367
        },
        "KO ETILIKO - Hoy es mi dia (Jimmy Jazz 2020)-ibY-5YW7B_8.mp4": {
            "size": 9.492265701293945
        },
        "KOLLEKTIV TURMSTRASSE - Sorry I Am Late (Official Video)-wwZbonjAlPc.mp4": {
            "size": 21.364317893981934
        },
        "Kansas - Dust in the Wind (Official Video)-tH2w6Oxx0kQ.mp4": {
            "size": 9.375187873840332
        },
        "Kany Garc\u00eda, Carlos Rivera - Cobardes (Audio)-Hg7ckLhHg3s.mp4": {
            "size": 6.246204376220703
        },
        "Kaos Etiliko  05   Hoy es mi dia sale el sol-gfhhh92U6bQ.mp4": {
            "size": 4.814821243286133
        },
        "Kaos Etiliko  Quise verte-Y0gn1ep3TW4.mp4": {
            "size": 4.174212455749512
        },
        "Kaos Etiliko - Dejad que vuele...-fGSE2AW_-sM.mp4": {
            "size": 5.589330673217773
        },
        "Kaos Etiliko - El m\u00e1s kabr\u00f3n-DwIcTsSQ0Uk.mp4": {
            "size": 3.8821535110473633
        },
        "Kaos Etiliko - Envidiosos (H.P.)-cR2BmmoNM20.mp4": {
            "size": 4.495759963989258
        },
        "Kaos Etiliko - Guerra-b5xW56vCwOw.mp4": {
            "size": 6.466644287109375
        },
        "Kaos Etiliko - Nada-tkaxZQwIdWM.mp4": {
            "size": 15.462148666381836
        },
        "Kaos Etiliko - Necesidad-kSSRBl3V0zI.mp4": {
            "size": 4.6885576248168945
        },
        "Kaos Etiliko - Peque\u00f1itos-l7sF7jbsYqs.mp4": {
            "size": 4.155698776245117
        },
        "Kaos Etiliko - Sentimental-UyAt3FcIIwk.mp4": {
            "size": 8.234692573547363
        },
        "Kaos Etiliko - Su falso mundo-r8Ls67NcGKQ.mp4": {
            "size": 8.53372859954834
        },
        "Kaos Etiliko - Tripi-KM7ZgrZbhM0.mp4": {
            "size": 5.822304725646973
        },
        "Kaos Etiliko- Hoy es mi Dia (Sale el sol)-vV2xYG9sZ1o.mp4": {
            "size": 4.220940589904785
        },
        "Kaotiko - Amo a la gente-5haAsgpoUN0.mp4": {
            "size": 6.289464950561523
        },
        "Kaotiko sale el sol-mqAgQyETJig.mp4": {
            "size": 5.720786094665527
        },
        "Katy Perry Thinking of you  (pensando en ti).WMA-uwFNXr20DcE.mp4": {
            "size": 18.853219985961914
        },
        "Ke Le Voy a Hacer-g4BRjQfYL1c.mp4": {
            "size": 2.0494184494018555
        },
        "Keane - Somewhere Only We Know (Official Video)-Oextk-If8HQ.mp4": {
            "size": 19.736419677734375
        },
        "Keane - This Is The Last Time (Official Video)-u86VdOc3asA.mp4": {
            "size": 13.5252046585083
        },
        "Ken Boothe - i don't want to see you cry.-Grl78JrEIc8.mp4": {
            "size": 11.003868103027344
        },
        "Khaira Arby - Tombouctou - Clip-DsFAaLvf480.mp4": {
            "size": 25.882810592651367
        },
        "Khruangbin - Evan Finds The Third Room (Official Video)-QcD_YXCxxZM.mp4": {
            "size": 11.285225868225098
        },
        "Khruangbin - So We Won't Forget (Official Video)-lo4KMGiy--Y.mp4": {
            "size": 17.52223491668701
        },
        "Kiesza - Hideaway (Official Music Video)-Vnoz5uBEWOA.mp4": {
            "size": 24.064464569091797
        },
        "Killafornia Organization - Funkfest. wma-BM0OXnD6qJM.mp4": {
            "size": 6.139383316040039
        },
        "Killswitch Engage - My Last Serenade [OFFICIAL VIDEO]-OoQrwKJtv_c.mp4": {
            "size": 23.166926383972168
        },
        "Kim Loaiza - Am\u00e1ndote \ud83e\udd8b ft JD Pantoja (Video Oficial)-vtbP13dFqAo.mp4": {
            "size": 12.938960075378418
        },
        "King Tubby - A Truthful Dub-H5pPbPe_Cd4.mp4": {
            "size": 4.148834228515625
        },
        "King Tubby - Invasion-qZsHkF7w7FY.mp4": {
            "size": 7.569999694824219
        },
        "Kings Of Convenience - ''24-25'' - Studio Version - HQ-lZqUeNbg8SQ.mp4": {
            "size": 3.8800048828125
        },
        "Kinky - Hasta Quemarnos [Official Music Video]-0N9SEnTJRaw.mp4": {
            "size": 12.312422752380371
        },
        "Kiss - Detroit Rock City-iZq3i94mSsQ.mp4": {
            "size": 5.38503360748291
        },
        "Knocked Out ~ Ernie Fields & His Orchestra (1960)-0wXE_pDl_os.mp4": {
            "size": 5.352829933166504
        },
        "Kortatu - Mierda De Ciudad-OWUal58aNjY.mp4": {
            "size": 3.432633399963379
        },
        "Kortatu - Nicaragua Sandinista-9O84LWo2PHE.mp4": {
            "size": 4.135465621948242
        },
        "Kraftwerk - The Model-KFq2pU21cNU.mp4": {
            "size": 5.065969467163086
        },
        "Kraftwerk - Trans-Europe Express  (1977)-DWSceMtAjPw.mp4": {
            "size": 17.808313369750977
        },
        "Kraftwerk Autobahn full.mp4": {
            "size": 49.429656982421875
        },
        "Kreator - Tormentor-pjTWJNhfnDo.mp4": {
            "size": 7.3504180908203125
        },
        "Kylie Minogue - Timebomb (Official Video)-zL2wGYCINwY.mp4": {
            "size": 16.690855026245117
        },
        "kaos etiliko anarka-7CfIJhYgwNc.mp4": {
            "size": 5.928391456604004
        }
    }
}